<?xml version="1.0" encoding="UTF-8"?>
<allClasses>
   <apiPackage id="org.as3collections.errors">
      <apiName>org.as3collections.errors</apiName>
      <apiClassifier id="org.as3collections.errors:IndexOutOfBoundsError">
         <apiName>IndexOutOfBoundsError</apiName>
         <apiClassifierDetail>
            <apiClassifierDef>
               <apiAccess value="public"/>
               <apiStatic/>
               <apiBaseClassifier>Error</apiBaseClassifier>
            </apiClassifierDef>
         </apiClassifierDetail>
         <prolog>
            <asMetadata/>
         </prolog>
      </apiClassifier>
      <apiClassifier id="org.as3collections.errors:ConcurrentModificationError">
         <apiName>ConcurrentModificationError</apiName>
         <apiClassifierDetail>
            <apiClassifierDef>
               <apiAccess value="public"/>
               <apiStatic/>
               <apiBaseClassifier>Error</apiBaseClassifier>
            </apiClassifierDef>
         </apiClassifierDetail>
         <prolog>
            <asMetadata/>
         </prolog>
      </apiClassifier>
      <apiClassifier id="org.as3collections.errors:NoSuchElementError">
         <apiName>NoSuchElementError</apiName>
         <apiClassifierDetail>
            <apiClassifierDef>
               <apiAccess value="public"/>
               <apiStatic/>
               <apiBaseClassifier>Error</apiBaseClassifier>
            </apiClassifierDef>
         </apiClassifierDetail>
         <prolog>
            <asMetadata/>
         </prolog>
      </apiClassifier>
   </apiPackage>
   <apiPackage id="org.as3collections.iterators">
      <apiName>org.as3collections.iterators</apiName>
      <apiClassifier id="org.as3collections.iterators:ReadOnlyListIterator">
         <apiName>ReadOnlyListIterator</apiName>
         <apiClassifierDetail>
            <apiClassifierDef>
               <apiAccess value="public"/>
               <apiStatic/>
               <apiBaseClassifier>org.as3collections.iterators:ListIterator</apiBaseClassifier>
            </apiClassifierDef>
         </apiClassifierDetail>
         <prolog>
            <asMetadata/>
         </prolog>
      </apiClassifier>
      <apiClassifier id="org.as3collections.iterators:ReadOnlyArrayIterator">
         <apiName>ReadOnlyArrayIterator</apiName>
         <apiClassifierDetail>
            <apiClassifierDef>
               <apiAccess value="public"/>
               <apiStatic/>
               <apiBaseClassifier>org.as3collections.iterators:ArrayIterator</apiBaseClassifier>
            </apiClassifierDef>
         </apiClassifierDetail>
         <prolog>
            <asMetadata/>
         </prolog>
      </apiClassifier>
      <apiClassifier id="org.as3collections.iterators:ListIterator">
         <apiName>ListIterator</apiName>
         <apiClassifierDetail>
            <apiClassifierDef>
               <apiAccess value="public"/>
               <apiStatic/>
               <apiBaseInterface>org.as3collections:IListIterator</apiBaseInterface>
               <apiBaseClassifier>Object</apiBaseClassifier>
            </apiClassifierDef>
         </apiClassifierDetail>
         <prolog>
            <asMetadata/>
         </prolog>
      </apiClassifier>
      <apiClassifier id="org.as3collections.iterators:MapIterator">
         <apiName>MapIterator</apiName>
         <apiClassifierDetail>
            <apiClassifierDef>
               <apiAccess value="public"/>
               <apiStatic/>
               <apiBaseInterface>org.as3collections:IIterator</apiBaseInterface>
               <apiBaseClassifier>Object</apiBaseClassifier>
            </apiClassifierDef>
         </apiClassifierDetail>
         <prolog>
            <asMetadata/>
         </prolog>
      </apiClassifier>
      <apiClassifier id="org.as3collections.iterators:ArrayIterator">
         <apiName>ArrayIterator</apiName>
         <apiClassifierDetail>
            <apiClassifierDef>
               <apiAccess value="public"/>
               <apiStatic/>
               <apiBaseInterface>org.as3collections:IIterator</apiBaseInterface>
               <apiBaseClassifier>Object</apiBaseClassifier>
            </apiClassifierDef>
         </apiClassifierDetail>
         <prolog>
            <asMetadata/>
         </prolog>
      </apiClassifier>
      <apiClassifier id="org.as3collections.iterators:ListMapIterator">
         <apiName>ListMapIterator</apiName>
         <apiClassifierDetail>
            <apiClassifierDef>
               <apiAccess value="public"/>
               <apiStatic/>
               <apiBaseInterface>org.as3collections:IListMapIterator</apiBaseInterface>
               <apiBaseClassifier>Object</apiBaseClassifier>
            </apiClassifierDef>
         </apiClassifierDetail>
         <prolog>
            <asMetadata/>
         </prolog>
      </apiClassifier>
      <apiClassifier id="org.as3collections.iterators:ReadOnlyMapIterator">
         <apiName>ReadOnlyMapIterator</apiName>
         <apiClassifierDetail>
            <apiClassifierDef>
               <apiAccess value="public"/>
               <apiStatic/>
               <apiBaseClassifier>org.as3collections.iterators:MapIterator</apiBaseClassifier>
            </apiClassifierDef>
         </apiClassifierDetail>
         <prolog>
            <asMetadata/>
         </prolog>
      </apiClassifier>
   </apiPackage>
   <apiPackage id="org.as3collections.lists">
      <apiName>org.as3collections.lists</apiName>
      <apiClassifier id="org.as3collections.lists:UniqueList">
         <apiName>UniqueList</apiName>
         <apiClassifierDetail>
            <apiClassifierDef>
               <apiAccess value="public"/>
               <apiStatic/>
               <apiBaseInterface>org.as3collections:IList</apiBaseInterface>
               <apiBaseClassifier>org.as3collections:UniqueCollection</apiBaseClassifier>
            </apiClassifierDef>
         </apiClassifierDetail>
         <prolog>
            <asMetadata/>
         </prolog>
      </apiClassifier>
      <apiClassifier id="org.as3collections.lists:TypedList">
         <apiName>TypedList</apiName>
         <apiClassifierDetail>
            <apiClassifierDef>
               <apiAccess value="public"/>
               <apiStatic/>
               <apiBaseInterface>org.as3collections:IList</apiBaseInterface>
               <apiBaseClassifier>org.as3collections:TypedCollection</apiBaseClassifier>
            </apiClassifierDef>
         </apiClassifierDetail>
         <prolog>
            <asMetadata/>
         </prolog>
      </apiClassifier>
      <apiClassifier id="org.as3collections.lists:ReadOnlyArrayList">
         <apiName>ReadOnlyArrayList</apiName>
         <apiClassifierDetail>
            <apiClassifierDef>
               <apiAccess value="public"/>
               <apiStatic/>
               <apiBaseClassifier>org.as3collections:AbstractList</apiBaseClassifier>
            </apiClassifierDef>
         </apiClassifierDetail>
         <prolog>
            <asMetadata/>
         </prolog>
      </apiClassifier>
      <apiClassifier id="org.as3collections.lists:UniqueSortedList">
         <apiName>UniqueSortedList</apiName>
         <apiClassifierDetail>
            <apiClassifierDef>
               <apiAccess value="public"/>
               <apiStatic/>
               <apiBaseInterface>org.as3collections:ISortedList</apiBaseInterface>
               <apiBaseClassifier>org.as3collections.lists:UniqueList</apiBaseClassifier>
            </apiClassifierDef>
         </apiClassifierDetail>
         <prolog>
            <asMetadata/>
         </prolog>
      </apiClassifier>
      <apiClassifier id="org.as3collections.lists:ArrayList">
         <apiName>ArrayList</apiName>
         <apiClassifierDetail>
            <apiClassifierDef>
               <apiAccess value="public"/>
               <apiStatic/>
               <apiBaseClassifier>org.as3collections:AbstractList</apiBaseClassifier>
            </apiClassifierDef>
         </apiClassifierDetail>
         <prolog>
            <asMetadata/>
         </prolog>
      </apiClassifier>
      <apiClassifier id="org.as3collections.lists:TypedSortedList">
         <apiName>TypedSortedList</apiName>
         <apiClassifierDetail>
            <apiClassifierDef>
               <apiAccess value="public"/>
               <apiStatic/>
               <apiBaseInterface>org.as3collections:ISortedList</apiBaseInterface>
               <apiBaseClassifier>org.as3collections.lists:TypedList</apiBaseClassifier>
            </apiClassifierDef>
         </apiClassifierDetail>
         <prolog>
            <asMetadata/>
         </prolog>
      </apiClassifier>
      <apiClassifier id="org.as3collections.lists:SortedArrayList">
         <apiName>SortedArrayList</apiName>
         <apiClassifierDetail>
            <apiClassifierDef>
               <apiAccess value="public"/>
               <apiStatic/>
               <apiBaseInterface>org.as3collections:ISortedList</apiBaseInterface>
               <apiBaseClassifier>org.as3collections.lists:ArrayList</apiBaseClassifier>
            </apiClassifierDef>
         </apiClassifierDetail>
         <prolog>
            <asMetadata/>
         </prolog>
      </apiClassifier>
   </apiPackage>
   <apiPackage id="org.as3collections.maps">
      <apiName>org.as3collections.maps</apiName>
      <apiClassifier id="org.as3collections.maps:TypedMap">
         <apiName>TypedMap</apiName>
         <apiClassifierDetail>
            <apiClassifierDef>
               <apiAccess value="public"/>
               <apiStatic/>
               <apiBaseInterface>org.as3collections:IMap</apiBaseInterface>
               <apiBaseClassifier>Object</apiBaseClassifier>
            </apiClassifierDef>
         </apiClassifierDetail>
         <prolog>
            <asMetadata/>
         </prolog>
      </apiClassifier>
      <apiClassifier id="org.as3collections.maps:SortedArrayListMap">
         <apiName>SortedArrayListMap</apiName>
         <apiClassifierDetail>
            <apiClassifierDef>
               <apiAccess value="public"/>
               <apiStatic/>
               <apiBaseInterface>org.as3collections:ISortedMap</apiBaseInterface>
               <apiBaseClassifier>org.as3collections.maps:ArrayListMap</apiBaseClassifier>
            </apiClassifierDef>
         </apiClassifierDetail>
         <prolog>
            <asMetadata/>
         </prolog>
      </apiClassifier>
      <apiClassifier id="org.as3collections.maps:HashMap">
         <apiName>HashMap</apiName>
         <apiClassifierDetail>
            <apiClassifierDef>
               <apiAccess value="public"/>
               <apiStatic/>
               <apiBaseClassifier>org.as3collections:AbstractHashMap</apiBaseClassifier>
            </apiClassifierDef>
         </apiClassifierDetail>
         <prolog>
            <asMetadata/>
         </prolog>
      </apiClassifier>
      <apiClassifier id="org.as3collections.maps:ArrayListMap">
         <apiName>ArrayListMap</apiName>
         <apiClassifierDetail>
            <apiClassifierDef>
               <apiAccess value="public"/>
               <apiStatic/>
               <apiBaseClassifier>org.as3collections:AbstractListMap</apiBaseClassifier>
            </apiClassifierDef>
         </apiClassifierDetail>
         <prolog>
            <asMetadata/>
         </prolog>
      </apiClassifier>
      <apiClassifier id="org.as3collections.maps:ReadOnlyArrayListMap">
         <apiName>ReadOnlyArrayListMap</apiName>
         <apiClassifierDetail>
            <apiClassifierDef>
               <apiAccess value="public"/>
               <apiStatic/>
               <apiBaseClassifier>org.as3collections:AbstractListMap</apiBaseClassifier>
            </apiClassifierDef>
         </apiClassifierDetail>
         <prolog>
            <asMetadata/>
         </prolog>
      </apiClassifier>
      <apiClassifier id="org.as3collections.maps:TypedSortedMap">
         <apiName>TypedSortedMap</apiName>
         <apiClassifierDetail>
            <apiClassifierDef>
               <apiAccess value="public"/>
               <apiStatic/>
               <apiBaseInterface>org.as3collections:ISortedMap</apiBaseInterface>
               <apiBaseClassifier>org.as3collections.maps:TypedListMap</apiBaseClassifier>
            </apiClassifierDef>
         </apiClassifierDetail>
         <prolog>
            <asMetadata/>
         </prolog>
      </apiClassifier>
      <apiClassifier id="org.as3collections.maps:TypedListMap">
         <apiName>TypedListMap</apiName>
         <apiClassifierDetail>
            <apiClassifierDef>
               <apiAccess value="public"/>
               <apiStatic/>
               <apiBaseInterface>org.as3collections:IListMap</apiBaseInterface>
               <apiBaseClassifier>org.as3collections.maps:TypedMap</apiBaseClassifier>
            </apiClassifierDef>
         </apiClassifierDetail>
         <prolog>
            <asMetadata/>
         </prolog>
      </apiClassifier>
      <apiClassifier id="org.as3collections.maps:ReadOnlyHashMap">
         <apiName>ReadOnlyHashMap</apiName>
         <apiClassifierDetail>
            <apiClassifierDef>
               <apiAccess value="public"/>
               <apiStatic/>
               <apiBaseClassifier>org.as3collections:AbstractHashMap</apiBaseClassifier>
            </apiClassifierDef>
         </apiClassifierDetail>
         <prolog>
            <asMetadata/>
         </prolog>
      </apiClassifier>
   </apiPackage>
   <apiPackage id="org.as3collections.queues">
      <apiName>org.as3collections.queues</apiName>
      <apiClassifier id="org.as3collections.queues:TypedQueue">
         <apiName>TypedQueue</apiName>
         <apiClassifierDetail>
            <apiClassifierDef>
               <apiAccess value="public"/>
               <apiStatic/>
               <apiBaseInterface>org.as3collections:IQueue</apiBaseInterface>
               <apiBaseClassifier>org.as3collections:TypedCollection</apiBaseClassifier>
            </apiClassifierDef>
         </apiClassifierDetail>
         <prolog>
            <asMetadata/>
         </prolog>
      </apiClassifier>
      <apiClassifier id="org.as3collections.queues:UniqueQueue">
         <apiName>UniqueQueue</apiName>
         <apiClassifierDetail>
            <apiClassifierDef>
               <apiAccess value="public"/>
               <apiStatic/>
               <apiBaseInterface>org.as3collections:IQueue</apiBaseInterface>
               <apiBaseClassifier>org.as3collections:UniqueCollection</apiBaseClassifier>
            </apiClassifierDef>
         </apiClassifierDetail>
         <prolog>
            <asMetadata/>
         </prolog>
      </apiClassifier>
      <apiClassifier id="org.as3collections.queues:PriorityQueue">
         <apiName>PriorityQueue</apiName>
         <apiClassifierDetail>
            <apiClassifierDef>
               <apiAccess value="public"/>
               <apiStatic/>
               <apiBaseClassifier>org.as3collections.queues:SortedQueue</apiBaseClassifier>
            </apiClassifierDef>
         </apiClassifierDetail>
         <prolog>
            <asMetadata/>
         </prolog>
      </apiClassifier>
      <apiClassifier id="org.as3collections.queues:LinearQueue">
         <apiName>LinearQueue</apiName>
         <apiClassifierDetail>
            <apiClassifierDef>
               <apiAccess value="public"/>
               <apiStatic/>
               <apiBaseClassifier>org.as3collections:AbstractQueue</apiBaseClassifier>
            </apiClassifierDef>
         </apiClassifierDetail>
         <prolog>
            <asMetadata/>
         </prolog>
      </apiClassifier>
      <apiClassifier id="org.as3collections.queues:IndexQueue">
         <apiName>IndexQueue</apiName>
         <apiClassifierDetail>
            <apiClassifierDef>
               <apiAccess value="public"/>
               <apiStatic/>
               <apiBaseClassifier>org.as3collections.queues:SortedQueue</apiBaseClassifier>
            </apiClassifierDef>
         </apiClassifierDetail>
         <prolog>
            <asMetadata/>
         </prolog>
      </apiClassifier>
      <apiClassifier id="org.as3collections.queues:PriorityIndexQueue">
         <apiName>PriorityIndexQueue</apiName>
         <apiClassifierDetail>
            <apiClassifierDef>
               <apiAccess value="public"/>
               <apiStatic/>
               <apiBaseClassifier>org.as3collections.queues:SortedQueue</apiBaseClassifier>
            </apiClassifierDef>
         </apiClassifierDetail>
         <prolog>
            <asMetadata/>
         </prolog>
      </apiClassifier>
      <apiClassifier id="org.as3collections.queues:SortedQueue">
         <apiName>SortedQueue</apiName>
         <apiClassifierDetail>
            <apiClassifierDef>
               <apiAccess value="public"/>
               <apiStatic/>
               <apiBaseInterface>org.as3collections:ISortedQueue</apiBaseInterface>
               <apiBaseClassifier>org.as3collections.queues:LinearQueue</apiBaseClassifier>
            </apiClassifierDef>
         </apiClassifierDetail>
         <prolog>
            <asMetadata/>
         </prolog>
      </apiClassifier>
   </apiPackage>
   <apiPackage id="org.as3collections.utils">
      <apiName>org.as3collections.utils</apiName>
      <apiClassifier id="org.as3collections.utils:ListUtil">
         <apiName>ListUtil</apiName>
         <apiClassifierDetail>
            <apiClassifierDef>
               <apiAccess value="public"/>
               <apiStatic/>
               <apiBaseClassifier>Object</apiBaseClassifier>
            </apiClassifierDef>
         </apiClassifierDetail>
         <prolog>
            <asMetadata/>
         </prolog>
      </apiClassifier>
      <apiClassifier id="org.as3collections.utils:QueueUtil">
         <apiName>QueueUtil</apiName>
         <apiClassifierDetail>
            <apiClassifierDef>
               <apiAccess value="public"/>
               <apiStatic/>
               <apiBaseClassifier>Object</apiBaseClassifier>
            </apiClassifierDef>
         </apiClassifierDetail>
         <prolog>
            <asMetadata/>
         </prolog>
      </apiClassifier>
      <apiClassifier id="org.as3collections.utils:MapUtil">
         <apiName>MapUtil</apiName>
         <apiClassifierDetail>
            <apiClassifierDef>
               <apiAccess value="public"/>
               <apiStatic/>
               <apiBaseClassifier>Object</apiBaseClassifier>
            </apiClassifierDef>
         </apiClassifierDetail>
         <prolog>
            <asMetadata/>
         </prolog>
      </apiClassifier>
      <apiClassifier id="org.as3collections.utils:CollectionUtil">
         <apiName>CollectionUtil</apiName>
         <apiClassifierDetail>
            <apiClassifierDef>
               <apiAccess value="public"/>
               <apiStatic/>
               <apiBaseClassifier>Object</apiBaseClassifier>
            </apiClassifierDef>
         </apiClassifierDetail>
         <prolog>
            <asMetadata/>
         </prolog>
      </apiClassifier>
   </apiPackage>
   <apiPackage id="org.as3collections">
      <apiName>org.as3collections</apiName>
      <apiClassifier id="org.as3collections:AbstractList">
         <apiName>AbstractList</apiName>
         <apiClassifierDetail>
            <apiClassifierDef>
               <apiAccess value="public"/>
               <apiStatic/>
               <apiBaseInterface>org.as3collections:IList</apiBaseInterface>
               <apiBaseClassifier>org.as3collections:AbstractArrayCollection</apiBaseClassifier>
            </apiClassifierDef>
         </apiClassifierDetail>
         <prolog>
            <asMetadata/>
         </prolog>
      </apiClassifier>
      <apiClassifier id="org.as3collections:TypedCollection">
         <apiName>TypedCollection</apiName>
         <apiClassifierDetail>
            <apiClassifierDef>
               <apiAccess value="public"/>
               <apiStatic/>
               <apiBaseInterface>org.as3collections:ICollection</apiBaseInterface>
               <apiBaseInterface>org.as3coreaddendum.system:ITypeable</apiBaseInterface>
               <apiBaseClassifier>Object</apiBaseClassifier>
            </apiClassifierDef>
         </apiClassifierDetail>
         <prolog>
            <asMetadata/>
         </prolog>
      </apiClassifier>
      <apiClassifier id="org.as3collections:IMapEntry">
         <apiName>IMapEntry</apiName>
         <apiClassifierDetail>
            <apiClassifierDef>
               <apiInterface/>
               <apiAccess value="public"/>
               <apiStatic/>
               <apiBaseInterface>org.as3coreaddendum.system:ICloneable</apiBaseInterface>
               <apiBaseInterface>org.as3coreaddendum.system:IEquatable</apiBaseInterface>
               <apiBaseClassifier/>
            </apiClassifierDef>
         </apiClassifierDetail>
         <prolog>
            <asMetadata/>
         </prolog>
      </apiClassifier>
      <apiClassifier id="org.as3collections:MapEntry">
         <apiName>MapEntry</apiName>
         <apiClassifierDetail>
            <apiClassifierDef>
               <apiAccess value="public"/>
               <apiStatic/>
               <apiBaseInterface>org.as3collections:IMapEntry</apiBaseInterface>
               <apiBaseClassifier>Object</apiBaseClassifier>
            </apiClassifierDef>
         </apiClassifierDetail>
         <prolog>
            <asMetadata/>
         </prolog>
      </apiClassifier>
      <apiClassifier id="org.as3collections:IListIterator">
         <apiName>IListIterator</apiName>
         <apiClassifierDetail>
            <apiClassifierDef>
               <apiInterface/>
               <apiAccess value="public"/>
               <apiStatic/>
               <apiBaseInterface>org.as3collections:IIterator</apiBaseInterface>
               <apiBaseClassifier/>
            </apiClassifierDef>
         </apiClassifierDetail>
         <prolog>
            <asMetadata/>
         </prolog>
      </apiClassifier>
      <apiClassifier id="org.as3collections:ISortedMap">
         <apiName>ISortedMap</apiName>
         <apiClassifierDetail>
            <apiClassifierDef>
               <apiInterface/>
               <apiAccess value="public"/>
               <apiStatic/>
               <apiBaseInterface>org.as3coreaddendum.system:ISortable</apiBaseInterface>
               <apiBaseInterface>org.as3collections:IListMap</apiBaseInterface>
               <apiBaseClassifier/>
            </apiClassifierDef>
         </apiClassifierDetail>
         <prolog>
            <asMetadata/>
         </prolog>
      </apiClassifier>
      <apiClassifier id="org.as3collections:UniqueCollection">
         <apiName>UniqueCollection</apiName>
         <apiClassifierDetail>
            <apiClassifierDef>
               <apiAccess value="public"/>
               <apiStatic/>
               <apiBaseInterface>org.as3collections:ICollection</apiBaseInterface>
               <apiBaseClassifier>Object</apiBaseClassifier>
            </apiClassifierDef>
         </apiClassifierDetail>
         <prolog>
            <asMetadata/>
         </prolog>
      </apiClassifier>
      <apiClassifier id="org.as3collections:ISortedQueue">
         <apiName>ISortedQueue</apiName>
         <apiClassifierDetail>
            <apiClassifierDef>
               <apiInterface/>
               <apiAccess value="public"/>
               <apiStatic/>
               <apiBaseInterface>org.as3collections:IQueue</apiBaseInterface>
               <apiBaseInterface>org.as3coreaddendum.system:ISortable</apiBaseInterface>
               <apiBaseClassifier/>
            </apiClassifierDef>
         </apiClassifierDetail>
         <prolog>
            <asMetadata/>
         </prolog>
      </apiClassifier>
      <apiClassifier id="org.as3collections:IMap">
         <apiName>IMap</apiName>
         <apiClassifierDetail>
            <apiClassifierDef>
               <apiInterface/>
               <apiAccess value="public"/>
               <apiStatic/>
               <apiBaseInterface>org.as3collections:IIterable</apiBaseInterface>
               <apiBaseInterface>org.as3coreaddendum.system:ICloneable</apiBaseInterface>
               <apiBaseInterface>org.as3coreaddendum.system:IEquatable</apiBaseInterface>
               <apiBaseClassifier/>
            </apiClassifierDef>
         </apiClassifierDetail>
         <prolog>
            <asMetadata/>
         </prolog>
      </apiClassifier>
      <apiClassifier id="org.as3collections:IIterator">
         <apiName>IIterator</apiName>
         <apiClassifierDetail>
            <apiClassifierDef>
               <apiInterface/>
               <apiAccess value="public"/>
               <apiStatic/>
               <apiBaseClassifier/>
            </apiClassifierDef>
         </apiClassifierDetail>
         <prolog>
            <asMetadata/>
         </prolog>
      </apiClassifier>
      <apiClassifier id="org.as3collections:IQueue">
         <apiName>IQueue</apiName>
         <apiClassifierDetail>
            <apiClassifierDef>
               <apiInterface/>
               <apiAccess value="public"/>
               <apiStatic/>
               <apiBaseInterface>org.as3collections:ICollection</apiBaseInterface>
               <apiBaseClassifier/>
            </apiClassifierDef>
         </apiClassifierDetail>
         <prolog>
            <asMetadata/>
         </prolog>
      </apiClassifier>
      <apiClassifier id="org.as3collections:AbstractArrayCollection">
         <apiName>AbstractArrayCollection</apiName>
         <apiClassifierDetail>
            <apiClassifierDef>
               <apiAccess value="public"/>
               <apiStatic/>
               <apiBaseInterface>org.as3collections:ICollection</apiBaseInterface>
               <apiBaseClassifier>Object</apiBaseClassifier>
            </apiClassifierDef>
         </apiClassifierDetail>
         <prolog>
            <asMetadata/>
         </prolog>
      </apiClassifier>
      <apiClassifier id="org.as3collections:SortMapBy">
         <apiName>SortMapBy</apiName>
         <apiClassifierDetail>
            <apiClassifierDef>
               <apiAccess value="public"/>
               <apiStatic/>
               <apiBaseClassifier>org.as3coreaddendum.system:Enum</apiBaseClassifier>
            </apiClassifierDef>
         </apiClassifierDetail>
         <prolog>
            <asMetadata/>
         </prolog>
      </apiClassifier>
      <apiClassifier id="org.as3collections:AbstractListMap">
         <apiName>AbstractListMap</apiName>
         <apiClassifierDetail>
            <apiClassifierDef>
               <apiAccess value="public"/>
               <apiStatic/>
               <apiBaseInterface>org.as3collections:IListMap</apiBaseInterface>
               <apiBaseClassifier>Object</apiBaseClassifier>
            </apiClassifierDef>
         </apiClassifierDetail>
         <prolog>
            <asMetadata/>
         </prolog>
      </apiClassifier>
      <apiClassifier id="org.as3collections:IList">
         <apiName>IList</apiName>
         <apiClassifierDetail>
            <apiClassifierDef>
               <apiInterface/>
               <apiAccess value="public"/>
               <apiStatic/>
               <apiBaseInterface>org.as3collections:ICollection</apiBaseInterface>
               <apiBaseClassifier/>
            </apiClassifierDef>
         </apiClassifierDetail>
         <prolog>
            <asMetadata/>
         </prolog>
      </apiClassifier>
      <apiClassifier id="org.as3collections:AbstractQueue">
         <apiName>AbstractQueue</apiName>
         <apiClassifierDetail>
            <apiClassifierDef>
               <apiAccess value="public"/>
               <apiStatic/>
               <apiBaseInterface>org.as3collections:IQueue</apiBaseInterface>
               <apiBaseClassifier>org.as3collections:AbstractArrayCollection</apiBaseClassifier>
            </apiClassifierDef>
         </apiClassifierDetail>
         <prolog>
            <asMetadata/>
         </prolog>
      </apiClassifier>
      <apiClassifier id="org.as3collections:IIterable">
         <apiName>IIterable</apiName>
         <apiClassifierDetail>
            <apiClassifierDef>
               <apiInterface/>
               <apiAccess value="public"/>
               <apiStatic/>
               <apiBaseClassifier/>
            </apiClassifierDef>
         </apiClassifierDetail>
         <prolog>
            <asMetadata/>
         </prolog>
      </apiClassifier>
      <apiClassifier id="org.as3collections:IListMapIterator">
         <apiName>IListMapIterator</apiName>
         <apiClassifierDetail>
            <apiClassifierDef>
               <apiInterface/>
               <apiAccess value="public"/>
               <apiStatic/>
               <apiBaseInterface>org.as3collections:IIterator</apiBaseInterface>
               <apiBaseClassifier/>
            </apiClassifierDef>
         </apiClassifierDetail>
         <prolog>
            <asMetadata/>
         </prolog>
      </apiClassifier>
      <apiClassifier id="org.as3collections:ICollection">
         <apiName>ICollection</apiName>
         <apiClassifierDetail>
            <apiClassifierDef>
               <apiInterface/>
               <apiAccess value="public"/>
               <apiStatic/>
               <apiBaseInterface>org.as3collections:IIterable</apiBaseInterface>
               <apiBaseInterface>org.as3coreaddendum.system:ICloneable</apiBaseInterface>
               <apiBaseInterface>org.as3coreaddendum.system:IEquatable</apiBaseInterface>
               <apiBaseClassifier/>
            </apiClassifierDef>
         </apiClassifierDetail>
         <prolog>
            <asMetadata/>
         </prolog>
      </apiClassifier>
      <apiClassifier id="org.as3collections:IListMap">
         <apiName>IListMap</apiName>
         <apiClassifierDetail>
            <apiClassifierDef>
               <apiInterface/>
               <apiAccess value="public"/>
               <apiStatic/>
               <apiBaseInterface>org.as3collections:IMap</apiBaseInterface>
               <apiBaseClassifier/>
            </apiClassifierDef>
         </apiClassifierDetail>
         <prolog>
            <asMetadata/>
         </prolog>
      </apiClassifier>
      <apiClassifier id="org.as3collections:AbstractHashMap">
         <apiName>AbstractHashMap</apiName>
         <apiClassifierDetail>
            <apiClassifierDef>
               <apiAccess value="public"/>
               <apiStatic/>
               <apiBaseInterface>org.as3collections:IMap</apiBaseInterface>
               <apiBaseClassifier>Object</apiBaseClassifier>
            </apiClassifierDef>
         </apiClassifierDetail>
         <prolog>
            <asMetadata/>
         </prolog>
      </apiClassifier>
      <apiClassifier id="org.as3collections:ISortedList">
         <apiName>ISortedList</apiName>
         <apiClassifierDetail>
            <apiClassifierDef>
               <apiInterface/>
               <apiAccess value="public"/>
               <apiStatic/>
               <apiBaseInterface>org.as3collections:IList</apiBaseInterface>
               <apiBaseInterface>org.as3coreaddendum.system:ISortable</apiBaseInterface>
               <apiBaseClassifier/>
            </apiClassifierDef>
         </apiClassifierDetail>
         <prolog>
            <asMetadata/>
         </prolog>
      </apiClassifier>
   </apiPackage>
</allClasses>